teamId,season,wscore,wfgm,wfga,wfgm3
1102,2003,68.75,22.58333333333333,40.0,10.0
1103,2003,87.76923076923076,30.0,55.384615384615394,5.461538461538462
1104,2003,74.70588235294117,25.823529411764714,58.352941176470594,7.0588235294117645
1105,2003,79.42857142857143,25.57142857142857,61.85714285714285,9.142857142857142
1106,2003,68.30769230769229,24.76923076923077,53.846153846153854,5.846153846153847
